{"cameraMode":{"drawMode":0,"name":"Shaded","section":"Shading Mode"},"sceneLighting":false,"audioPlay":false,"sceneViewState":{"showFog":true,"showMaterialUpdate":false,"showSkybox":false,"showFlares":true,"showImageEffects":true,"showParticleSystems":true},"in2DMode":false,"pivot":{"x":-0.0028298627585172655,"y":0.031223949044942857,"z":-2.1970746517181398},"rotation":{"x":-0.21619872748851777,"y":-0.10899414122104645,"z":0.024312658235430719,"w":-0.969968855381012},"size":0.05146827921271324,"orthographic":false}